Category,App,Reviews
GAME,Subway Surfers,138606606
GAME,Clash of Clans,89785611
GAME,Candy Crush Saga,89715037
GAME,8 Ball Pool,85201288
GAME,Clash Royale,69405018
GAME,Temple Run 2,40591993
GAME,Hill Climb Racing,35692703
GAME,Pou,31456660
GAME,Sniper 3D Gun Shooter: Free Shooting Games - FPS,30675486
GAME,Farm Heroes Saga,30457223
GAME,My Talking Tom,29783692
GAME,My Talking Angela,29647104
GAME,Angry Birds Classic,27833127
GAME,slither.io,26170644
GAME,Zombie Tsunami,24603575
GAME,ROBLOX,22243317
GAME,Shadow Fight 2,21960912
GAME,Pokémon GO,20846209
GAME,Dream League Soccer 2018,19766445
GAME,Candy Crush Soda Saga,18596538
GAME,Hungry Shark Evolution,18220503
GAME,Garena Free Fire,16476307
GAME,PUBG MOBILE,14843378
GAME,Plants vs. Zombies FREE,12201620
GAME,Score! Hero,10838351
GAME,Talking Tom Gold Run,10791088
GAME,Traffic Racer,10775420
GAME,Angry Birds Rio,10442156
GAME,Minion Rush: Despicable Me Official Game,10216538
GAME,Yes day,10055521
GAME,Jetpack Joyride,9275602
GAME,Helix Jump,8982809
GAME,Crossy Road,8460863
GAME,Asphalt 8: Airborne,8389714
GAME,Gardenscapes,8258397
GAME,Mobile Legends: Bang Bang,8219586
GAME,Piano Tiles 2™,8118880
GAME,Bowmasters,7677453
GAME,Agar.io,7632413
GAME,Sonic Dash,7556743
GAME,Trivia Crack,6427773
GAME,Cooking Fever,6396041
GAME,Homescapes,6187290
GAME,Geometry Dash Lite,6181640
GAME,Zombie Catchers,5942417
GAME,Granny,5677213
GAME,Hill Climb Racing 2,5501055
GAME,Fruit Ninja®,5091448
GAME,Dr. Driving,4972230
GAME,MARVEL Contest of Champions,4936978
GAME,Gangstar Vegas - mafia game,4830407
GAME,Last Day on Earth: Survival,4620701
GAME,Castle Clash: Heroes of the Empire US,4578476
GAME,Pixel Gun 3D: Survival shooter & Battle Royale,4487182
GAME,Fishdom,4316510
GAME,Cut the Rope FULL FREE,4247174
GAME,Swamp Attack,4238453
GAME,Smash Hit,4147718
GAME,Toon Blast,4053928
GAME,Temple Run,4000433
GAME,DEER HUNTER CLASSIC,3941129
GAME,Flow Free,3886788
GAME,Angry Birds 2,3883589
GAME,Angry Birds Go!,3846378
GAME,Toy Blast,3778832
GAME,Banana Kong,3452530
GAME,Pixel Art: Color by Number Game,3376021
GAME,Need for Speed™ No Limits,3344300
GAME,War Robots,3073251
GAME,Vector,3058687
GAME,Lords Mobile: Battle of the Empires - Strategy RPG,3057481
GAME,MORTAL KOMBAT X,3039889
GAME,Kick the Buddy,3008395
GAME,Best Fiends - Free Puzzle Game,2960371
GAME,DEAD TARGET: FPS Zombie Apocalypse Survival Games,2937229
GAME,Modern Combat 5: eSports FPS,2903386
GAME,DINO HUNTER: DEADLY SHORES,2763444
GAME,Fallout Shelter,2719142
GAME,RULES OF SURVIVAL,2686972
GAME,Earn to Die 2,2654534
GAME,Candy Crush Jelly Saga,2601109
GAME,Bike Race Free - Top Motorcycle Racing Games,2586261
GAME,Hungry Shark World,2485872
GAME,Injustice: Gods Among Us,2440877
GAME,Extreme Car Driving Simulator,2251012
GAME,Harry Potter: Hogwarts Mystery,2214507
GAME,GUNSHIP BATTLE: Helicopter 3D,2151039
GAME,Summoners War,2045554
GAME,Zynga Poker – Texas Holdem,1986068
GAME,DEER HUNTER 2018,1911270
GAME,Episode - Choose Your Story,1841061
GAME,Magic Tiles 3,1776854
GAME,FRONTLINE COMMANDO: D-DAY,1736105
GAME,Bubble Witch 3 Saga,1732263
GAME,UNO ™ & Friends,1728557
GAME,Words With Friends Classic,1704112
GAME,Glow Hockey,1703479
GAME,Call of Duty®: Heroes,1604146
GAME,Geometry Dash Meltdown,1591129
GAME,CATS: Crash Arena Turbo Stars,1559650
GAME,Geometry Dash World,1520466
GAME,Special Forces Group 2,1432809
GAME,Red Ball 4,1432447
GAME,Critical Ops,1397944
GAME,Roll the Ball® - slide puzzle,1385093
GAME,Chess Free,1375988
GAME,PAC-MAN,1371431
GAME,FRONTLINE COMMANDO,1351833
GAME,Rider,1310212
GAME,► MultiCraft ― Free Miner! 👍,1305050
GAME,Word Search,1230707
GAME,Guns of Boom - Online Shooter,1226514
GAME,Super Mario Run,1221896
GAME,Angry Birds Star Wars,1218055
GAME,Ant Smasher by Best Cool & Fun Games,1185148
GAME,Skater Boy,1167143
GAME,Blossom Blast Saga,1125438
GAME,Live Hold’em Pro Poker - Free Casino Games,1123190
GAME,Rolling Sky,1117212
GAME,Anger of stick 5 : zombie,1096683
GAME,Draw Something Classic,1092106
GAME,Doodle Jump,1083571
GAME,Five Nights at Freddy's 3 Demo,1041836
GAME,Alto's Adventure,1030897
GAME,KIM KARDASHIAN: HOLLYWOOD,1017408
GAME,DRAGON BALL LEGENDS,1014407
GAME,Galaxy Attack: Alien Shooter,1012868
GAME,Family Guy The Quest for Stuff,995002
GAME,Bike Racing 3D,951435
GAME,Block Strike,947515
GAME,Block Craft 3D: Building Simulator Games For Free,946926
GAME,The Sims™ FreePlay,931595
GAME,Knife Hit,923751
GAME,World Series of Poker – WSOP Free Texas Holdem,910051
GAME,Five Nights at Freddy's 4 Demo,889425
GAME,BMX Boy,839206
GAME,Modern Strike Online,834117
GAME,Angry Birds Friends,829753
GAME,Perfect Piano,828489
GAME,Stick War: Legacy,811040
GAME,Choices: Stories You Play,807338
GAME,Crisis Action: 2018 NO.1 FPS,807226
GAME,Dude Perfect 2,803073
GAME,Lep's World 2 🍀🍀,798522
GAME,Just Dance Now,794058
GAME,Piano Free - Keyboard with Magic Tiles Music Games,785622
GAME,Bomber Friends,776730
GAME,Lep's World 3 🍀🍀🍀,771001
GAME,Bus Rush: Subway Edition,753043
GAME,FINAL FANTASY BRAVE EXVIUS,745684
GAME,Cover Fire: offline shooting games for free,725897
GAME,Words With Friends – Play Free,711719
GAME,Racing Moto,697805
GAME,Lep's World 🍀,696019
GAME,Wordscapes,692286
GAME,DRAGON BALL Z DOKKAN BATTLE,650114
GAME,Beach Buggy Blitz,640974
GAME,Bubble Shooter,639303
GAME,Bullet Force,634159
GAME,Robbery Bob,617732
GAME,Hustle Castle: Fantasy Kingdom,584126
GAME,Kill Shot Bravo: Sniper FPS,579519
GAME,ETERNITY WARRIORS 2,568391
GAME,Asphalt Xtreme: Rally Racing,567984
GAME,DH Texas Poker - Texas Hold'em,562345
GAME,Miraculous Ladybug & Cat Noir - The Official Game,553438
GAME,Run Sausage Run!,551552
GAME,"Cash, Inc. Money Clicker Game & Business Adventure",549720
GAME,Cytus,541732
GAME,Partymasters - Fun Idle Game,541144
GAME,Mini Golf King - Multiplayer Game,531458
GAME,My Boy! Free - GBA Emulator,531074
GAME,Dan the Man: Action Platformer,528550
GAME,Fernanfloo,526595
GAME,Strawberry Shortcake BerryRush,525517
GAME,BLACKJACK!,524467
GAME,The Walking Dead: Road to Survival,522466
GAME,Major Mayhem,520962
GAME,Injustice 2,504765
GAME,Eyes - The Scary Horror Game Adventure,499483
GAME,Final Fantasy XV: A New Empire,484981
GAME,Dr. Parking 4,475369
GAME,Racing in Car 2,468699
GAME,Deck Heroes: Legacy,466495
GAME,Stupid Zombies,464900
GAME,Rope Hero: Vice Town,452589
GAME,Solitaire TriPeaks,446434
GAME,Arena of Valor: 5v5 Arena Game,438911
GAME,Merge Dragons!,429596
GAME,The Maze Runner,428268
GAME,Snake VS Block,422244
GAME,NinJump,421000
GAME,Idle Heroes,416540
GAME,Real City Car Driver,413609
GAME,Solitaire,408522
GAME,Hitman Sniper,408292
GAME,SAMURAI vs ZOMBIES DEFENSE,407788
GAME,THE KING OF FIGHTERS-A 2012(F),406511
GAME,Solitaire!,403911
GAME,Grand Gangsters 3D,401643
GAME,Texas HoldEm Poker Deluxe,396090
GAME,Ingress,391325
GAME,Big Fish Casino – Play Slots & Vegas Games,382100
GAME,Checkers,375996
GAME,Nyan Cat: Lost In Space,371318
GAME,Hello Kitty Nail Salon,369203
GAME,Love Balls,360630
GAME,Cooking Madness - A Chef's Restaurant Games,358817
GAME,Dr. Driving 2,358633
GAME,Dragon Hills,354373
GAME,Can Knockdown 3,349503
GAME,Grand Theft Auto: San Andreas,348962
GAME,diep.io,347883
GAME,Rivals at War: Firefight,344819
GAME,Arrow.io,343263
GAME,Heroes Arena,336386
GAME,MARVEL Strike Force,331816
GAME,Bike Mayhem Free,331692
GAME,Zombie Hunter: Post Apocalypse Survival Games,327599
GAME,Zombie Frontier,326689
GAME,Call of Mini™ Dino Hunter,326042
GAME,Shoot Hunter-Gun Killer,320334
GAME,DEER HUNTER RELOADED,314774
GAME,Jurassic World™ Alive,309176
GAME,Fidget Spinner,307398
GAME,Metal Soldiers 2,307030
GAME,Quiz: Logo game,306764
GAME,MARVEL Avengers Academy,304106
GAME,Toy Truck Rally 3D,301895
GAME,Standoff 2,299046
GAME,Toughest Game Ever 2,293086
GAME,Soul Knight,292164
GAME,TRANSFORMERS: Forged to Fight,291941
GAME,Real Gangster Crime,285814
GAME,Color by Number – New Coloring Book,283837
GAME,Jewels Legend - Match 3 Puzzle,280098
GAME,Hard Time (Prison Sim),275843
GAME,Kung Fu Do Fighting,271214
GAME,Race the Traffic Moto,270687
GAME,NARUTO X BORUTO NINJA VOLTAGE,267395
GAME,Slot Machines by IGG,267229
GAME,Power Rangers: Legacy Wars,264755
GAME,Heart of Vegas™ Slots – Free Slot Casino Games,264282
GAME,Battlefield™ Companion,263907
GAME,Rush,260651
GAME,Geometry Dash SubZero,260527
GAME,Shooting King,257724
GAME,Truck Driver Cargo,257531
GAME,Miami crime simulator,254518
GAME,Hopeless Land: Fight for Survival,250197
GAME,iGun Pro -The Original Gun App,249308
GAME,Call of Mini™ Zombies 2,248417
GAME,Governor of Poker 2 - OFFLINE POKER GAME,246538
GAME,Big Hunter,245455
GAME,GUN ZOMBIE,243121
GAME,Word Crossy - A crossword game,240416
GAME,Rope'n'Fly 4,234606
GAME,Experiment Z - Zombie,229329
GAME,War and Order,224514
GAME,CKZ ORIGINS,219821
GAME,BEYBLADE BURST app,216849
GAME,Word Link,216675
GAME,I Know Stuff,214923
GAME,1LINE – One Line with One Touch,214878
GAME,Draw a Stickman: EPIC 2 Free,213340
GAME,Love Nikki-Dress UP Queen,212524
GAME,Bike Rivals,212067
GAME,Draw a Stickman: EPIC Free,210317
GAME,I Am Innocent,208501
GAME,CONTRACT KILLER: ZOMBIES (NR),206602
GAME,Rento - Dice Board Game Online,205830
GAME,Golden HoYeah Slots - Real Casino Slots,201537
GAME,Creative Destruction,201426
GAME,Dragonplay™ Poker Texas Holdem,197979
GAME,Sweet Fruit Candy,197540
GAME,Flip the Gun - Simulator Game,195558
GAME,Power Rangers Dino Charge,194969
GAME,Train Racing Games 3D 2 Player,192374
GAME,HAWK – Force of an Arcade Shooter. Shoot 'em up,190274
GAME,Grim Soul: Dark Fantasy Survival,189773
GAME,Lineage 2: Revolution,187972
GAME,Texas Holdem & Omaha Poker: Pokerist,187200
GAME,Bingo by IGG: Top Bingo+Slots!,183343
GAME,Block Puzzle,179561
GAME,Motorbike Driving Simulator 3D,178723
GAME,Squadron - Bullet Hell Shooter,177542
GAME,Tank Stars,174755
GAME,SCRABBLE,172281
GAME,Gems or jewels ?,171448
GAME,Space Shooter : Galaxy Attack,169661
GAME,Mafia City,168717
GAME,Peggle Blast,166251
GAME,Rope'n'Fly 3 - Dusk Till Dawn,166033
GAME,Cartoon Wars: Blade,165656
GAME,San Andreas Crime Stories,162530
GAME,Iron Blade,161637
GAME,Avatar Musik,159063
GAME,Pineapple Pen,157264
GAME,Cops N Robbers - FPS Mini Game,156862
GAME,Bingo Party - Free Bingo Games,155694
GAME,Marble Woka Woka 2018 - Bubble Shooter Match 3,155186
GAME,Miami Crime Vice Town,154519
GAME,Does not Commute,154108
GAME,STARDOM: THE A-LIST,152658
GAME,Defender,152395
GAME,Scratch Logo Quiz. Challenging brain puzzle,152102
GAME,Fruits Bomb,149368
GAME,Baseball Boy!,148177
GAME,TEKKEN™,147791
GAME,Counter Terrorist Attack,145931
GAME,Hole.io,145353
GAME,CONTRACT KILLER: ZOMBIES,144545
GAME,CrossFire: Legends,144040
GAME,Block Gun 3D: Ghost Ops,142693
GAME,Gear.Club - True Racing,140658
GAME,Bunny Skater,139432
GAME,Evil Apples: A Dirty Card Game,137696
GAME,Wheelie Challenge,137338
GAME,Classic Words Solo,135739
GAME,Four In A Line Free,133195
GAME,Drag'n'Boom,133180
GAME,IV Go（get IV for Pokemon）,132282
GAME,Survival Run with Bear Grylls,128579
GAME,Beauty Idol: Fashion Queen,128367
GAME,Texas Holdem Poker,127831
GAME,Survival: Prison Escape,127810
GAME,Sonic the Hedgehog™ Classic,125652
GAME,Fruit Block - Puzzle Legend,125647
GAME,Hambo,125578
GAME,WithstandZ - Zombie Survival!,121612
GAME,StirFry Stunts - We Bare Bears,121533
GAME,Crazy Wheels,121082
GAME,Street Skater 3D,120852
GAME,Guns of Glory,120592
GAME,Sniper Killer Shooter,119368
GAME,Stack Jump,118253
GAME,Moto Rider,115176
GAME,Texas Holdem Poker Pro,114479
GAME,Counter Attack - Multiplayer FPS,112565
GAME,Identity V,109263
GAME,Angelo Rules - Crazy day,108336
GAME,nds4droid,107778
GAME,Mini Motor Racing WRT,107497
GAME,Battlelands Royale,105620
GAME,TAMAGO Monsters Returns,104583
GAME,Fast like a Fox,104389
GAME,Power Pop Bubbles,104303
GAME,Navy Gunner Shoot War 3D,103199
GAME,Disney Heroes: Battle Mode,102107
GAME,BLOOD & GLORY: IMMORTALS,101762
GAME,Hello Stars,101686
GAME,Five Nights at Freddy's,100805
GAME,SHADOWGUN LEGENDS,100609
GAME,Rolly Vortex,98123
GAME,Dr. Chess,97209
GAME,Z Champions,96028
GAME,Gun Strike Shoot,94761
GAME,Mini DAYZ: Zombie Survival,94661
GAME,Red Hands – 2-Player Games,93608
GAME,Last Shelter: Survival,93033
GAME,Super Dancer,91667
GAME,Cheating Tom 3 - Genius School,90415
GAME,Game of Thrones: Conquest™,90218
GAME,Gun Builder ELITE,88941
GAME,Strange Hero: Future Battle,88901
GAME,DraStic DS Emulator,87766
GAME,Super Jabber Jump,85882
GAME,Fruit Ninja Classic,85468
GAME,Moto Fighter 3D,85410
GAME,Dr. Gomoku,85317
GAME,Au Mobile: Audition Chính Hiệu,85278
GAME,Color Road,84911
GAME,Bike Race - Bike Blast Rush,83891
GAME,Police Car Driver,83671
GAME,Shoot Strike War Fire,82827
GAME,Tiny Archers,80678
GAME,Guess The Emoji,76627
GAME,AE 3D MOTOR :Racing Games Free,74902
GAME,Gangster Town,74842
GAME,Chapters: Interactive Stories,73539
GAME,Fields of Battle,71476
GAME,Boyaa Poker (En) – Social Texas Hold’em,71468
GAME,Hero Hunters,70747
GAME,Heroes of Dragon Age,70389
GAME,Snes9x EX+,70351
GAME,The Cube,70226
GAME,Dino T-Rex,69115
GAME,Barbie™ Fashion Closet,68057
GAME,Speed Racing Ultimate 2,66894
GAME,Horror Hospital,63986
GAME,Cops N Robbers 2,63680
GAME,Faketalk - Chatbot,63056
GAME,Carnivores: Dinosaur Hunter,62636
GAME,Voxel - 3D Color by Number & Pixel Coloring Book,62561
GAME,AE Bingo: Offline Bingo Games,61746
GAME,Asylum Night Shift - Five Nights Survival,59223
GAME,Honkai Impact 3rd,59017
GAME,The Walking Zombie: Dead City,58575
GAME,Sudoku Master,58387
GAME,Fatal Raid - No.1 Mobile FPS,56496
GAME,Fancy Pants Adventures,55952
GAME,Tomb of the Mask,55380
GAME,Gun Club Armory,55014
GAME,Car Race by Fun Games For Free,54221
GAME,Jungle Monkey Run,54082
GAME,Chicken Invaders 3,52390
GAME,Blackjack,52199
GAME,Assault Line CS Online Fps Go,52163
GAME,Driving Zone,51791
GAME,My OldBoy! Free - GBC Emulator,51787
GAME,ARK: Survival Evolved,51523
GAME,Motocross Motorbike Simulator Offroad,51366
GAME,Commando Adventure Assassin,51067
GAME,Oggy,49971
GAME,Dog Run - Pet Dog Simulator,48615
GAME,Looper!,48256
GAME,4 in a row,47698
GAME,Jewels classic Prince,47644
GAME,WDAMAGE: Car Crash Engine,47386
GAME,Shadowverse CCG,47340
GAME,Nights at Cube Pizzeria 3D – 2,47151
GAME,Skip-Bo™ Free,46801
GAME,Draw In,46416
GAME,Bubble Shooter 2,46048
GAME,Rope Hero 3,45871
GAME,Smashy Road: Arena,45558
GAME,Angry Birds Space HD,43645
GAME,DC Super Hero Girls™,43055
GAME,Assassin's Creed Identity,42529
GAME,Dr. Rocket,42182
GAME,Candy Bomb,42145
GAME,New YAHTZEE® With Buddies Dice Game,42079
GAME,Marble - Temple Quest,42053
GAME,"MMX Hill Dash 2 – Offroad Truck, Car & Bike Racing",41975
GAME,Mupen64+AE FREE (N64 Emulator),41759
GAME,Zombie Hunter King,41691
GAME,Shred! Downhill Mountainbiking,41683
GAME,Cube Z (Pixel Zombies),41444
GAME,Counter Online FPS Game,41089
GAME,Just A Regular Arcade,40847
GAME,The Visitor,39895
GAME,Glitch Fixers: Powerpuff Girls,39698
GAME,TerraGenesis - Space Colony,38957
GAME,DEER HUNTER CHALLENGE,38767
GAME,RC Monster Truck - Offroad Driving Simulator,38448
GAME,Stickman Legends: Shadow Wars,38419
GAME,Bounce Classic,38297
GAME,Star Wars ™: DIRTY,38207
GAME,Cops N Robbers,37789
GAME,Sky Streaker - Gumball,37513
GAME,Solitaire: Decked Out Ad Free,37302
GAME,The Game of Life,37273
GAME,Once Upon a Tower,37139
GAME,Paint Hit,37023
GAME,iSniper 3D Arctic Warfare,35572
GAME,Motocross Mayhem,35171
GAME,Super Jabber Jump 3,34494
GAME,Block Puzzle Classic Legend !,34083
GAME,Drift Legends,33788
GAME,Skip-Bo™,33661
GAME,Word Search multilingual,32849
GAME,Fun Texas Hold'em Poker,32831
GAME,Might & Magic: Elemental Guardians,32551
GAME,Mad Skills Motocross,32522
GAME,MLB TAP SPORTS BASEBALL 2018,32506
GAME,League of Stickman 2018- Ninja Arena PVP(Dreamsky),32496
GAME,Lost Journey (Dreamsky),32344
GAME,Block Gun 3D: Call of Destiny,31883
GAME,Super Jim Jump - pixel 3d,31287
GAME,Mopar Drag N Brag,30630
GAME,Casino X - Free Online Slots,30515
GAME,Bricks n Balls,30253
GAME,L.A. Crime Stories Mad City Crime,30008
GAME,AE Coin Mania : Arcade Fun,30002
GAME,The Grand Wars: San Andreas,29990
GAME,Mad Skills BMX 2,29940
GAME,BF Frontline City,29798
GAME,Draw N Guess Multiplayer,29505
GAME,Love Dance,29462
GAME,Shoot Bubble - Fruit Splash,29445
GAME,CJ: Strike Back,29330
GAME,Mad Day - Truck Distance Game,29270
GAME,Draw A Stickman,29265
GAME,Offroad Outlaws,29168
GAME,Auction Wars : Storage King,29062
GAME,Sid Story,28510
GAME,Fast Motorcycle Driver 2016,28151
GAME,Five Nights at Freddy's 3,27856
GAME,Rescue Robots Survival Games,27557
GAME,Bubble Shooter Genies,26985
GAME,Gun Shoot War Q,26893
GAME,BlackJack 21 Pro,26744
GAME,Dinosaur Simulator: Dino World,26649
GAME,Dungeon Hunter Champions: Epic Online Action RPG,26247
GAME,Sonic CD Classic,26138
GAME,World of Warriors: Duel,25952
GAME,Will it Crush?,25825
GAME,PRO MX MOTOCROSS 2,25275
GAME,Tokyo Ghoul: Dark War,25094
GAME,Route Z,24697
GAME,Adventure Time Run,24628
GAME,Super Dancer VN,24312
GAME,Hero Fighter X,24210
GAME,Sword of Chaos - Lame du Chaos,23599
GAME,7 Nights at Pixel Pizzeria - 2,23168
GAME,Extreme Super Car Driving 3D,23104
GAME,Free DS Emulator,22896
GAME,Critical Strike CS: Counter Terrorist Online FPS,22773
GAME,The Walking Dead: Our World,22435
GAME,Justice League Action Run,22333
GAME,Four In A Line,22191
GAME,Jewels Star: OZ adventure,21892
GAME,Soccer Clubs Logo Quiz,21661
GAME,RetroArch,21423
GAME,Five Nights at Freddy's 4,21266
GAME,Woody Puzzle,21262
GAME,Ao Oni2,21223
GAME,The Room: Old Sins,21119
GAME,DJMAX TECHNIKA Q - Music Game,21107
GAME,Carros Rebaixados BR,20691
GAME,Crazy Bike attack Racing New: motorcycle racing,20364
GAME,Clue,19922
GAME,Car Driving Simulator Drift,19816
GAME,Dr. Shogi,19291
GAME,Guns Royale - Multiplayer Blocky Battle Royale,19070
GAME,Dino War: Rise of Beasts,18996
GAME,Jungle Marble Blast,18985
GAME,AE Lucky Fishing,18277
GAME,Farming Simulator 18,18125
GAME,Don't Starve: Pocket Edition,17988
GAME,AE Master Moto,17876
GAME,LA Stories 4 New Order Sandbox 2018,17453
GAME,Zombie Death Shooter,17372
GAME,AE Spider Solitaire,17263
GAME,V for Voodoo,16876
GAME,Cytus II,16851
GAME,Magnum 3.0 Gun Custom SImulator,16815
GAME,Fate/Grand Order (English),16601
GAME,AU Mobile Indonesia,16521
GAME,Block Gun 3D: Haunted Hollow,16282
GAME,Dubai Racing,16237
GAME,Five Nights at Freddy's: SL,16162
GAME,ZOMBIE RIPPER,16073
GAME,Dr. Parker : Real car parking simulation,15829
GAME,The Vikings,15806
GAME,The Fish Master!,15763
GAME,Ice Crush 2018 - A new Puzzle Matching Adventure,15403
GAME,PokerStars Play: Free Texas Holdem Poker Game,14989
GAME,Shooter Sniper CS - FPS Games,14823
GAME,Multicraft Miner Exploration,14563
GAME,Thai Sic Bo,14283
GAME,Dr. Parker : Parking Simulator,14253
GAME,NDS Emulator - For Android 6,14002
GAME,Q*bert: Rebooted,13788
GAME,Stickman Warriors Heroes 2,13714
GAME,Zombie Avengers:(Dreamsky)Stickman War Z,13604
GAME,Eh Amego!,13388
GAME,BombSquad Remote,13304
GAME,Law of Creation: A Playable Manga,13118
GAME,Destiny Ninja Shall we date otome games love story,13079
GAME,Call of Duty:Black Ops Zombies,13004
GAME,Texas Hold'em Poker,12846
GAME,Slendrina X,12736
GAME,G-Switch 2,12683
GAME,SnowMobile Parking Adventure,12257
GAME,Pixel Z Gunner 3D - Battle Survival Fps,11408
GAME,Pacific Navy Fighter C.E. (AS),11379
GAME,Rage Z: Multiplayer Zombie FPS Online Shooter,11258
GAME,Solitaire+,11235
GAME,FaFaFa™ Gold Casino: Free slot machines,11051
GAME,Superbrothers Sword & Sworcery,11023
GAME,Extreme X Ray Robot Stunts,10806
GAME,RollerCoaster Tycoon® Classic,10795
GAME,Destroy Gunners Σ,10786
GAME,Space X: Sky Wars of Air Force,10748
GAME,Shadow Fight 2 Special Edition,10440
GAME,Vikings: an Archer's Journey,10256
GAME,Rope Hero Return of a Legend,9951
GAME,Gang Wars of San Andreas,9898
GAME,Monument Valley 2,9394
GAME,Farm Fruit Pop: Party Time,9305
GAME,Frontline Terrorist Battle Shoot: Free FPS Shooter,9183
GAME,Let's Poke The Egg,9051
GAME,RIDE ZERO,8778
GAME,CS16Client,8668
GAME,BROTHER IN WARS: GUNNER CITY WARLORDS,8649
GAME,HANGAME Casino - Baccarat & Texas Hold'em,8608
GAME,AE Gun Ball: arcade ball games,8581
GAME,Dragon X Adventure: Warrior Z,8537
GAME,Fast Racing Car Simulator,8482
GAME,Dash Quest Heroes,8432
GAME,Endless Ducker,8193
GAME,CT-ART 4.0 (Chess Tactics 1200-2400 ELO),8191
GAME,True Skateboarding Ride Skateboard Game Freestyle,8175
GAME,Zombie Sniper 3D III,8122
GAME,Them Bombs: co-op board game play with 2-4 friends,8038
GAME,Sonic 4™ Episode I,8014
GAME,Shoot`Em Down: Shooting game,7972
GAME,Get 'Em,7904
GAME,Project Grand Auto Town Sandbox Beta,7885
GAME,Nights at Cube Pizzeria 3D – 4,7728
GAME,Armored Warfare: Assault,7718
GAME,Combat BF: Black Ops 3,7699
GAME,R-TYPE,7687
GAME,The Escapists,7412
GAME,4x4 Jeep Racer,7279
GAME,PLANK!,7196
GAME,AE GTO Racing,6988
GAME,Chinese Chess / Co Tuong,6947
GAME,Rope Superhero Unlimited,6735
GAME,Block Battles: Heroes at War - Multiplayer PVP,6698
GAME,Dreamland Arcade - Steven Universe,6386
GAME,Zlax.io Zombs Luv Ax,6344
GAME,SuperBikers 2,6200
GAME,Rock N' Cash Casino Slots -Free Vegas Slot Games,6187
GAME,Poker Live! 3D Texas Hold'em,6143
GAME,The Gang Sniper V. Pocket Edition.,6121
GAME,Archery Physics Objects Destruction Apple shooter,6026
GAME,Who am I? (Biblical),5849
GAME,Master of Eternity(MOE),5829
GAME,Crime Wars S. Andreas,5785
GAME,The Visitor: Ep.2 - Sleepover Slaughter,5731
GAME,R-TYPE II,5682
GAME,The Great Wobo Escape Ep. 1,5449
GAME,Poker Pro.Fr,5442
GAME,Mental Hospital:EB 2 Lite,5341
GAME,Traffic Sniper Counter Attack,5339
GAME,Decay: The Mare - Ep.1 (Trial),5291
GAME,Camping RV Caravan Parking 3D,5290
GAME,Your rank CS:GO,4946
GAME,Grim Tales: The Wishes CE,4923
GAME,X-WOLF,4878
GAME,Hide N Seek : Mini Game,4719
GAME,Undead Assault,4704
GAME,U-48 Submarine Commander Free,4575
GAME,Mupen64Plus AE (N64 Emulator),4569
GAME,Snowboard Racing Free Fun Game,4552
GAME,What Am I? - Brain Teasers,4537
GAME,Mass Effect: Andromeda APEX HQ,4490
GAME,Texas Hold’em Poker + | Social,4416
GAME,Millionaire : Who want to be?,4396
GAME,Bubble Shooter Space,4355
GAME,Riptide GP: Renegade,4328
GAME,Magic Tiles - Blackpink Edition (K-Pop),4304
GAME,4 in a Row,4257
GAME,G-Switch,4116
GAME,The World Ends With You,4108
GAME,Adventure Time Game Wizard,4107
GAME,Five Nights at Flappy's,4041
GAME,L.A. Crime Stories 2 Mad City Crime,3946
GAME,Best Park in the Universe,3904
GAME,Toy Attack,3878
GAME,AXE.IO - Brutal Survival Battleground,3845
GAME,Hotel Insanity,3816
GAME,G-Switch 3,3656
GAME,PlayTexas Hold'em Poker Free,3543
GAME,Robocar X Ray,3432
GAME,Sin City Hero : Crime Simulator of Vegas,3371
GAME,Ez Mirror Match,3344
GAME,BF Combat: Genesis,3322
GAME,RC City Police Heavy Traffic Racer,3250
GAME,Gunship Modern Combat 3D,3247
GAME,Ghost Hunting camera,3048
GAME,The Visitor: Ep.1 - Kitty Cat Carnage,3017
GAME,AJ Jump: Animal Jam Kangaroos!,2975
GAME,Forgotten Hill: Puppeteer,2917
GAME,One Night at Golden Freddy's,2717
GAME,Dr. Dominoes,2700
GAME,5 Nights at Cube Pizzeria City,2691
GAME,Nights at Slender Pizzeria 3D,2628
GAME,AE 3D Moto 3,2588
GAME,Adivina el Emoji,2536
GAME,Ultimate Quiz for CS:GO - Skins | Cases | Players,2526
GAME,Quiz TRUE or FALSE,2464
GAME,Mental Hospital V,2460
GAME,Helix,2454
GAME,Au-allstar for KR,2433
GAME,Forgotten Hill: Surgery,2431
GAME,San Andreas: Gang Crime V,2399
GAME,Jungle book-The Great Escape,2362
GAME,Magic Tiles - TWICE Edition (K-Pop),2351
GAME,Аim Training for CS,2328
GAME,Water Surfer Racing In Moto,2233
GAME,MegaNDS (NDS Emulator),2218
GAME,Punch em,2208
GAME,Drive 4x4 Luxury SUV Jeep,2183
GAME,Five Nights at Neighbor House,2180
GAME,Sports Car Driving Simulator 2018,2178
GAME,Sin City Crime Simulator V - Gangster,2113
GAME,Stick 'Em Up 2 Starter Edition,2102
GAME,Offroad drive : 4x4 driving game,2071
GAME,BlackJack -21 Casino Card Game,2066
GAME,Rolling G Sky,2065
GAME,Girls' Frontline,2055
GAME,Free Poker Games : Downtown Casino - Texas Holdem,2032
GAME,Forgotten Hill Mementoes,2027
GAME,The Grand Way,1995
GAME,Mirror’s Edge™ Companion,1995
GAME,Zombie War Z : Hero Survival Rules,1987
GAME,Five Nights at Pizzeria,1976
GAME,Adivina el cantante de Trap y Reggaeton,1914
GAME,DH Pineapple Poker OFC,1878
GAME,BF at Sea Refueled,1849
GAME,AE Solitaire,1776
GAME,Grand Stickman Cover V,1744
GAME,PAC-MAN CE DX,1692
GAME,Ultimate BlackJack 3D FREE,1686
GAME,Reload: The Z-Team,1655
GAME,Backgammon NJ for Android,1644
GAME,DK Quiz,1628
GAME,EmuBox - Fast Retro Emulator,1576
GAME,SecondSecret ‐「恋を読む」BLノベルゲーム‐,1563
GAME,Rage Fight of Streets - Beat Em Up Game,1489
GAME,The Q - Live Trivia Game Network,1486
GAME,Oddworld: New 'n' Tasty,1475
GAME,Don't Starve: Shipwrecked,1468
GAME,Texas HoldEm Poker Deluxe (BR),1418
GAME,AE Blackjack,1417
GAME,Stack It AR,1363
GAME,MazeMilitia Classic Multiplayer Shooting Game,1294
GAME,How well do you know me?,1290
GAME,Winter Wonderland,1287
GAME,Beach Shoot Em Up: Head Hunter,1218
GAME,M-acceleration 3D Car Racing,1202
GAME,Black Commando | Special Ops | FPS Shooting,1167
GAME,that's lit,1115
GAME,Grand Bat Superhero Flying Assault Rescue Mission,1094
GAME,AH-1 Viper Cobra Ops - helicopter flight simulator,1088
GAME,Forgotten Hill: Fall,1063
GAME,Combat Strike CS 🔫 Counter Terrorist Attack FPS💣,1019
GAME,Mobile CS:GO,1015
GAME,Armed Cam Gun Pack,1012
GAME,Chinese Chess ( Xiangqi Free ),963
GAME,AE Jewels,960
GAME,D Day World War II Commando Survival Shooting,951
GAME,Ultimate DC Challenge,937
GAME,Vikings Stickman Axe Fighting,924
GAME,San Andreas City : Auto Theft Car gangster,923
GAME,Don't Hug Me I'm So Scared,901
GAME,Ghost Snap AR Horror Survival,898
GAME,Flat Pack,862
GAME,AE City Jump,804
GAME,Modern Counter Terrorist FPS Shoot,795
GAME,Palavras la cq,783
GAME,DS Tower Defence,768
GAME,AE Video Poker,721
GAME,BW-Joseki,705
GAME,Korean Dungeon: K-Word 1000,703
GAME,Extreme Match,696
GAME,RUN JUMP RUN-fun games for free,661
GAME,Sniper Traning for CS GO,655
GAME,AE Jewels 2: Island Adventures,652
GAME,I am Bread,630
GAME,J-Stars Victory VS Guide,609
GAME,Betul Ke Bohong Eh?,601
GAME,Two Nights at jumpscare,596
GAME,M3-X5-X6-M-İ3-İ8 RACİNG 2018,596
GAME,Runner 3d like,559
GAME,Beach Head Shooting Assault,555
GAME,BW-Go Free,547
GAME,AE Angry Chef,533
GAME,Radial-G : Infinity,517
GAME,New York Mysteries (Full),514
GAME,E.G. Chess Free,505
GAME,BJ's Bingo & Gaming Casino,501
GAME,Dirt Trackin Sprint Cars,499
GAME,Teen Patti by BL Games,496
GAME,Modern Action Commando 3D,492
GAME,¡Ay Metro!,489
GAME,Sic Bo Online! Free Casino,488
GAME,Arcraft - AR Sandbox,469
GAME,Ghosts'n Goblins MOBILE,466
GAME,Quiz CS:GO players,460
GAME,Dr.Slender Ep 1 Guide (Eng),454
GAME,DM EVOLUTION,450
GAME,Knife&Axe Throwing,440
GAME,Retro City Rampage DX,416
GAME,Blood Domination - BL Game,415
GAME,Traps n' Gemstones,413
GAME,BEBONCOOL GAMEPAD V1.0,404
GAME,American Sniper City Fight Shooting Assassin,395
GAME,VIP Backgammon Free : Play Backgammon Online,389
GAME,Freecell CY,387
GAME,Modern Counter Global Strike 3D V2,368
GAME,China Town Auto Theft 2,364
GAME,AE FreeCell,358
GAME,Lust in Terror Manor - The Truth Unveiled | Otome,355
GAME,Gangster City Auto Theft,350
GAME,"Real Casino:Slot,Keno,BJ,Poker",341
GAME,Modern Counter Terror Attack – Shooting Game,340
GAME,Cards Casino:Video Poker & BJ,325
GAME,Saiyan Z: Super SSJ Ultimate Combat,306
GAME,Super Hero M Craft Run,303
GAME,BMX Boy Bike Stunt Rider Game,299
GAME,Modern Counter Global Strike 3D,297
GAME,kick the buddy,294
GAME,What's Your CS:GO rank?,278
GAME,MEGA MAN MOBILE,267
GAME,BW-Go,265
GAME,Ah! Coins,256
GAME,Trine 2: Complete Story,252
GAME,Puzzle for CS:GO,247
GAME,Dead Target Zombie Shooting US Sniper Killer Squad,240
GAME,Super Car F. Mod for MCPE,214
GAME,Map Callouts for CS:GO,211
GAME,Counter Terrorist Gun Strike CS: Special Forces,211
GAME,BC Slots - The Lost Reels FREE,209
GAME,CJ Poker Odds Calculator,207
GAME,Race Manager FP,196
GAME,Ba Cristi,196
GAME,BQ-መጽሐፍ ቅዱሳዊ ጥያቄዎች,191
GAME,Dr Driving Racer,183
GAME,Dino Defends king 3 – Dinosaur T rex Hunter Games,182
GAME,Ultimate Fighter Z,180
GAME,Lock 'n' Roll Pro - Ad Free,169
GAME,Ghouls'n Ghosts MOBILE,168
GAME,Modern Sniper Strike: Best Commando Action 2k18,164
GAME,Sic Bo Rave,164
GAME,AG Drive 3D,164
GAME,AZ Rockets,162
GAME,Jump'N'Shoot Attack,155
GAME,AR Tank Battle,153
GAME,Sic Bo (Tai Xiu) - Multiplayer Casino,152
GAME,Car Crash III Beam DH Real Damage Simulator 2018,151
GAME,Dr Dre - Beatmaker,146
GAME,GALAK-Z: Variant Mobile,145
GAME,The Legacy (Full),144
GAME,Axe Champ,141
GAME,Drink-O-Tron The Drinking Game,140
GAME,Ludo - Don't get angry,131
GAME,Heirs & Graces,125
GAME,Santa Panda Bubble Christmas,101
GAME,ONScripter Plus (Ad Free),100
GAME,AK-47 3D,91
GAME,Woodman Deluxe,82
GAME,Rock n Roll Music Quiz Game,80
GAME,EP Gem Hunter,79
GAME,Dead Zombie Evil Killer:Axe,71
GAME,BW-DGS plugin,70
GAME,Stickman and Axe,69
GAME,Super DK vs Kong Brother Advanced Free Classic,66
GAME,BW-GnuGo,64
GAME,Word Hunt,59
GAME,DG Mobile,59
GAME,Guess the Class 🔥 AQW,57
GAME,E.G. Chess,56
GAME,Axe Man,53
GAME,Axe Knight,52
GAME,Cardi B Piano Game,50
GAME,Tamago egg,49
GAME,WIZARD Card Game,48
GAME,Bullshite!,48
GAME,Bullshit! (Free),45
GAME,Roulette Advisor LITE,41
GAME,Virtual Dice EX,40
GAME,FP Runner,38
GAME,Sermon on Proverbs CH Spurgeon,35
GAME,CNY Slots : Gong Xi Fa Cai 发财机,33
GAME,2-Player Co-op Zombie Shoot,33
GAME,DB Ultra Saiyan Battle,33
GAME,Quiz DC,33
GAME,"FJ Final Join , Circles Game",32
GAME,Wolf of the BF:Commando MOBILE,32
GAME,Bu Hangi Youtuber ?,31
GAME,CURSUM B,30
GAME,Robot Fighting Games™ - Real Boxing Champions 3D,30
GAME,Axetatic - Axe Throwing Game,29
GAME,Guess the song of J Balvin,28
GAME,B-Grade Renegade,24
GAME,Super ball DZ,24
GAME,"Chinese Chess 3D Online (Xiangqi, 象棋, co tuong)",23
GAME,Axe Champion,21
GAME,BL!TZ - Endless,21
GAME,Puppy Shooting an AK-47: Platformer Zombie Game,21
GAME,Poker Equity Calculator Pro for No Limit Hold'em,21
GAME,BJ Bridge Free (2018),20
GAME,Sniper Gun Shot 3D: Impossible Missions,20
GAME,Nightenfell: Shared AR,20
GAME,CT-REMOTE,19
GAME,Dr. Splorchy Presents Space Heroes,18
GAME,BJ Bridge Pro 2018,17
GAME,Crayola Color Blaster,17
GAME,Ludo Dz,17
GAME,Blackjack Verite Drills,17
GAME,An Elite Warrior Ex,15
GAME,BZ Fingers,15
GAME,AE Fishing Hunter,14
GAME,Mad Dash Fo' Cash,14
GAME,Bu Hangi Dizi ?,14
GAME,Elite Commando Shooting War,14
GAME,VR AG Racing for Cardboard,13
GAME,R-EU-READY,13
GAME,C3-C4-PİCASSO-ELYSEE RACİNG,12
GAME,B-52 Spirits of Glory Deluxe,12
GAME,Bi-Tank,12
GAME,BZ Zombie VR,12
GAME,BJ Bridge Acol Beginner 2018,11
GAME,Trovami se ci riesci,11
GAME,DC Universe Quiz,11
GAME,Countries of the European Union (Quiz),11
GAME,B@dL!bs Lite,10
GAME,Alex & Co Quiz,9
GAME,Baby Game Animal Jam Free,9
GAME,211:CK,8
GAME,Axe Champs! Wars,8
GAME,Blackjack aj Poker,8
GAME,F*ck This Game,8
GAME,Flippy Axe : Flip The Knife & Axe Simulator,7
GAME,Invasion: Defend EU,7
GAME,Gate Of Death Ep: 1,7
GAME,Brick Breaker BR,7
GAME,J Balvin Piano Tiles,6
GAME,DZ-JOKER,6
GAME,Clash of Axe: Flippy Lumberjack Action X,6
GAME,Fo Fo Fish,5
GAME,"Ew, the small alien",5
GAME,CP Trivia,5
GAME,EC Mover,5
GAME,AK Blackjack,4
GAME,BU HANGİ ŞARKI ? - 2018,4
GAME,Racing CX,4
GAME,CQ: Lost In Transmission,4
GAME,Shoot! DX - lights for FREE,4
GAME,Santa's Monster Shootout DX,4
GAME,EF Jumper,4
GAME,Obbligo o Verità? PRO,4
GAME,BL-ED: From BLUE to RED,3
GAME,BJ card game blackjack,3
GAME,211:CK Lite,3
GAME,Driving Cars Simulator Citroen,3
GAME,Out of Bounds BH Demo,3
GAME,BS Tractor,3
GAME,Mu.F.O.,2
GAME,FG SPINNER,2
GAME,FK (FlightKid),2
GAME,Ra Ga Ba,2
GAME,Bu Hangi Oyun ?,2
GAME,Galaxian(FC),2
GAME,Sic Bo,1
GAME,Axe Throw: Flip Champ Axes Champion Throwing Games,1
GAME,Bu Hangi Ünlü?,1
GAME,BW Switch,1
GAME,BJ Bridge Standard American 2018,1
GAME,BJ Strategy Tester,1
GAME,AK-47 Assult Rifle: Gun Shooting Simulator Game,1
GAME,Monster Ride Pro,1
GAME,DF Squid,1
GAME,Axe Champ Hit,1
GAME,YAKALA AY,0
GAME,BS Chopper,0
GAME,Ay Vamos - PJ. Balvin - Piano,0
GAME,Basic Strategy Training BJ 21,0
GAME,Bu Nedir ?,0
GAME,Simple x3DS Emulator - BETA,0
GAME,Bi-Tank Ads Free,0
GAME,DM Adventure,0
GAME,Animal Hunting: Sniper Shooting,0
GAME,Cyborg AX-001,0
GAME,Nedir Bu ?,0
GAME,D+H Reaction Wall,0
